Function, FML
NOT, 0.0
NAND, 0.0
AND, 0.00075
ORNOT, 0.00150
OR, 0.00225
ANDNOT, 0.00300
NOR, 0.00375
XOR, 0.00450
EQUALS, 0.00525
